{
  "headers": [
    "NO",
    "NIM",
    "NAMA",
    "JK",
    "TEMPAT & TGL LAHIR.TEMPAT",
    "TEMPAT & TGL LAHIR.TANGGAL",
    "AGAMA",
    "SUKU",
    "BANGSA",
    "ALAMAT & NO. TLP",
    "THN MSK",
    "TGL LULUS",
    "LAMA STUDI.THN",
    "LAMA STUDI.BLN",
    "NO. ALUMNI",
    "NILAI UJIAN",
    "IPK",
    "PREDIKAT KELULUSAN",
    "JUDUL TUGAS AKHIR"
  ],
  "rows": [
    {
      "row_no": 9,
      "nim": "D011201080",
      "nama": "PUTRI WULAN SUCI",
      "tempat_lahir": "Makassar",
      "tanggal_lahir": "2001-11-22",
      "agama": "Islam",
      "suku": "Sunda",
      "bangsa": "Indonesia",
      "alamat": "Jl Melati",
      "no_telp": "17",
      "tahun_masuk": 2020,
      "tanggal_lulus": "2024-03-06",
      "nilai_ujian": "A",
      "ipk": 3.73,
      "predikat_kelulusan": "Sangat Memuaskan",
      "no_alumni": "",
      "lama_studi_tahun": 3,
      "lama_studi_bulan": 7,
      "ipb": "",
      "judul_tugas_akhir": "KUAT TEKAN, UPV, RESISTIVITY, DAN EMBODIED CARBON MORTAR YANG MENGANDUNG SEMEN CAMPURAN, AIR LAUT, DAN SILICA FUME \n \n."
    },
    {
      "row_no": 10,
      "nim": "D011181356",
      "nama": "MUHAMMAD ZIKRILLAHIL AZHIM",
      "tempat_lahir": "Sangkulirang",
      "tanggal_lahir": "2000-06-26",
      "agama": "Islam",
      "suku": "Bugis",
      "bangsa": "Indonesia",
      "alamat": "Jl. Toddopuli 10",
      "no_telp": "087840382026",
      "tahun_masuk": 2018,
      "tanggal_lulus": "2024-01-24",
      "nilai_ujian": "A-",
      "ipk": 3,
      "predikat_kelulusan": "Sangat Memuaskan",
      "no_alumni": "",
      "lama_studi_tahun": 5,
      "lama_studi_bulan": 5,
      "ipb": "",
      "judul_tugas_akhir": "Distribusi Kecepatan Aliran sekitar Pilar Bercelah \n \n."
    },
    {
      "row_no": 11,
      "nim": "D011181313",
      "nama": "MUH. YUSRAN H",
      "tempat_lahir": "Pangkajene Sidrap",
      "tanggal_lahir": "2000-07-22",
      "agama": "Islam",
      "suku": "Bugis",
      "bangsa": "Indonesia",
      "alamat": "Jl. Stpp Gowa",
      "no_telp": "0887436903504",
      "tahun_masuk": 2018,
      "tanggal_lulus": "2024-01-24",
      "nilai_ujian": "A",
      "ipk": 3.14,
      "predikat_kelulusan": "Sangat Memuaskan",
      "no_alumni": "",
      "lama_studi_tahun": 5,
      "lama_studi_bulan": 5,
      "ipb": "",
      "judul_tugas_akhir": "ANALISIS HIDROLOGI DAN HIDROLIKA TERHADAP PERENCANAAN KOLAM RETENSI PADA SISTEM DRAINASE KOTA SENGKANG \n \n."
    },
    {
      "row_no": 12,
      "nim": "D011201128",
      "nama": "ASWAR BASRI",
      "tempat_lahir": "Pompanua",
      "tanggal_lahir": "2002-08-25",
      "agama": "Islam",
      "suku": "Bugis",
      "bangsa": "Indonesia",
      "alamat": "Jl. Sultan Alauddin Lrg 3, Makassar",
      "no_telp": "082343488884",
      "tahun_masuk": 2020,
      "tanggal_lulus": "2024-03-06",
      "nilai_ujian": "A",
      "ipk": 3.84,
      "predikat_kelulusan": "Sangat Memuaskan",
      "no_alumni": "",
      "lama_studi_tahun": 3,
      "lama_studi_bulan": 7,
      "ipb": "",
      "judul_tugas_akhir": "ANALISIS DAN PENANGANAN RISIKO KESELAMATAN KONSTRUKSI PADA PROYEK GEDUNG DENGAN KONTRAK TERINTEGRASI RANCANG BANGUN\nDI TAHAPAN PERANCANGAN\n \n \n."
    },
    {
      "row_no": 13,
      "nim": "D011191094",
      "nama": "ANDI MUHAMMAD IHRAMSYAH PADUPPAI",
      "tempat_lahir": "Makassar",
      "tanggal_lahir": "2001-10-12",
      "agama": "Islam",
      "suku": "Bugis",
      "bangsa": "Indonesia",
      "alamat": "Jalan Musttafa Dg Bunga 4",
      "no_telp": "085161167089",
      "tahun_masuk": 2019,
      "tanggal_lulus": "2024-02-05",
      "nilai_ujian": "A",
      "ipk": 3.25,
      "predikat_kelulusan": "Sangat Memuaskan",
      "no_alumni": "",
      "lama_studi_tahun": 4,
      "lama_studi_bulan": 6,
      "ipb": "",
      "judul_tugas_akhir": "EFEK BIOREMEDIASI DENGAN METODE MICP PADA TANAH EKSPANSIF DENGAN PARAMETER KUAT TEKAN BEBAS \n \n."
    },
    {
      "row_no": 14,
      "nim": "D011191066",
      "nama": "MUH. SYAHRUL IHSAN MT",
      "tempat_lahir": "Makassar",
      "tanggal_lahir": "2001-04-01",
      "agama": "Islam",
      "suku": "Bugis",
      "bangsa": "Indonesia",
      "alamat": "Btn Dewi Kumalasari 3 Blok Af 17/19",
      "no_telp": "082195942496",
      "tahun_masuk": 2019,
      "tanggal_lulus": "2024-02-21",
      "nilai_ujian": "A",
      "ipk": 3.68,
      "predikat_kelulusan": "Sangat Memuaskan",
      "no_alumni": "",
      "lama_studi_tahun": 4,
      "lama_studi_bulan": 6,
      "ipb": "",
      "judul_tugas_akhir": "SIMULASI KOMPUTASI ALIRAN TERHADAP PENEMPATAN BALOK HALANG PADA SALURAN PELUNCUR BANGUNAN PELIMPAH \n \n."
    },
    {
      "row_no": 15,
      "nim": "D011191020",
      "nama": "MUSTAFA",
      "tempat_lahir": "Buntu Barana",
      "tanggal_lahir": "2001-03-23",
      "agama": "Islam",
      "suku": "Duri",
      "bangsa": "Indonesia",
      "alamat": "Perumahan Bumi Batara Mawang Blok A6b",
      "no_telp": "1",
      "tahun_masuk": 2019,
      "tanggal_lulus": "2024-02-05",
      "nilai_ujian": "A",
      "ipk": 3.74,
      "predikat_kelulusan": "Sangat Memuaskan",
      "no_alumni": "",
      "lama_studi_tahun": 4,
      "lama_studi_bulan": 6,
      "ipb": "",
      "judul_tugas_akhir": "Stabilisasi Campuran Tanah Kohesif & Organik terhadap kuat Geser Tanah Menggunakan Bakteri Bacillus Subtilis \n \n."
    },
    {
      "row_no": 16,
      "nim": "D011191073",
      "nama": "GRENDA YUSRI PADANG",
      "tempat_lahir": "Luwu",
      "tanggal_lahir": "2002-02-06",
      "agama": "Kristen Protestan",
      "suku": "Toraja",
      "bangsa": "Indonesia",
      "alamat": "Perumahan Nusa Tamalanrea Indah Blok N",
      "no_telp": "2",
      "tahun_masuk": 2019,
      "tanggal_lulus": "2024-02-21",
      "nilai_ujian": "A",
      "ipk": 3.78,
      "predikat_kelulusan": "Sangat Memuaskan",
      "no_alumni": "",
      "lama_studi_tahun": 4,
      "lama_studi_bulan": 6,
      "ipb": "",
      "judul_tugas_akhir": "Analisis Risiko Kesehatan dan Keselamatan Kerja (K3) Pekerjaan Kolom pada Proyek Konstruksi Gedung ( Studi Kasus : Proyek Pembangunan Mall Pelayanan Publik Kota Makassar ) \n \n."
    },
    {
      "row_no": 17,
      "nim": "D011201011",
      "nama": "M.JABAL NUR",
      "tempat_lahir": "Jeneponto",
      "tanggal_lahir": "2003-06-06",
      "agama": "Islam",
      "suku": "Makassar",
      "bangsa": "Indonesia",
      "alamat": "Jalan Mustafa Daeng Bunga, Gowa",
      "no_telp": "085824893286",
      "tahun_masuk": 2020,
      "tanggal_lulus": "2024-03-06",
      "nilai_ujian": "A",
      "ipk": 3.74,
      "predikat_kelulusan": "Sangat Memuaskan",
      "no_alumni": "",
      "lama_studi_tahun": 3,
      "lama_studi_bulan": 7,
      "ipb": "",
      "judul_tugas_akhir": "Perilaku Tekan Beton yang Terbuat dari Fly Ash dan Semen Campuran \n \n."
    },
    {
      "row_no": 18,
      "nim": "D011191038",
      "nama": "LA ODE AGUNG MUNAJAT",
      "tempat_lahir": "Kendari",
      "tanggal_lahir": "2001-10-15",
      "agama": "Islam",
      "suku": "Muna",
      "bangsa": "Indonesia",
      "alamat": "Jl. Poros Pattalassang, Gowa",
      "no_telp": "081355980397",
      "tahun_masuk": 2019,
      "tanggal_lulus": "2024-02-21",
      "nilai_ujian": "A",
      "ipk": 3.61,
      "predikat_kelulusan": "Sangat Memuaskan",
      "no_alumni": "",
      "lama_studi_tahun": 4,
      "lama_studi_bulan": 6,
      "ipb": "",
      "judul_tugas_akhir": "STUDI CAMPURAN TANAH LEMPUNG PLASTISITAS TINGGI DENGAN VARIASI KANDUNGAN BENTONITE TERHADAP NILAI CALIFORNIA BEARING RATIO (CBR) \n \n."
    },
    {
      "row_no": 19,
      "nim": "D011201029",
      "nama": "YAZID FARRAS",
      "tempat_lahir": "Raha",
      "tanggal_lahir": "2002-07-14",
      "agama": "Islam",
      "suku": "Muna",
      "bangsa": "Indonesia",
      "alamat": "Jalan Poros Mali",
      "no_telp": "",
      "tahun_masuk": 2020,
      "tanggal_lulus": "2024-03-06",
      "nilai_ujian": "A",
      "ipk": 3.66,
      "predikat_kelulusan": "Sangat Memuaskan",
      "no_alumni": "",
      "lama_studi_tahun": 3,
      "lama_studi_bulan": 7,
      "ipb": "",
      "judul_tugas_akhir": "UJI TANPA MERUSAK, KUAT TEKAN DAN EMISI KARBON DIOKSIDA BETON YANG MENGANDUNG SEMEN CAMPURAN DAN ABU TERBANG \n \n."
    },
    {
      "row_no": 20,
      "nim": "D011201157",
      "nama": "PAGO DWI UTOMO KALAN",
      "tempat_lahir": "Makassar",
      "tanggal_lahir": "2001-10-28",
      "agama": "Kristen Protestan",
      "suku": "Toraja",
      "bangsa": "Indonesia",
      "alamat": "Jl.mappaodang 2",
      "no_telp": "45",
      "tahun_masuk": 2020,
      "tanggal_lulus": "2024-03-06",
      "nilai_ujian": "A",
      "ipk": 3.6,
      "predikat_kelulusan": "Sangat Memuaskan",
      "no_alumni": "",
      "lama_studi_tahun": 3,
      "lama_studi_bulan": 7,
      "ipb": "",
      "judul_tugas_akhir": "PENGGUNAAN ABU PEMBAKARAN LIMBAH TEMPAT PEMBUANGAN AKHIR UNTUK PEMBUATAN ECO PAVING BLOCK \n \n."
    },
    {
      "row_no": 21,
      "nim": "D011201147",
      "nama": "KRISATYA DICKY PADOLO",
      "tempat_lahir": "Makassar",
      "tanggal_lahir": "2002-09-30",
      "agama": "Kristen Protestan",
      "suku": "Toraja",
      "bangsa": "Indonesia",
      "alamat": "Jl. Dr Leimena Komp Idi D.12",
      "no_telp": "082191172660",
      "tahun_masuk": 2020,
      "tanggal_lulus": "2024-03-06",
      "nilai_ujian": "A",
      "ipk": 3.64,
      "predikat_kelulusan": "Sangat Memuaskan",
      "no_alumni": "",
      "lama_studi_tahun": 3,
      "lama_studi_bulan": 7,
      "ipb": "",
      "judul_tugas_akhir": "PERILAKU TEGANGAN-REGANGAN PAVING BLOCK YANG MENGGUNAKAN ABU PEMBAKARAN DARI HASIL PEMBAKARAN SAMPAH TEMPAT PEMBUANGAN AKHI \n \n."
    },
    {
      "row_no": 22,
      "nim": "D011201151",
      "nama": "GLORIA ARIANTI SORAYA MANGONTAN",
      "tempat_lahir": "Palopo",
      "tanggal_lahir": "2001-08-13",
      "agama": "Kristen Protestan",
      "suku": "Toraja",
      "bangsa": "Indonesia",
      "alamat": "Jl. Poros Mali",
      "no_telp": "",
      "tahun_masuk": 2020,
      "tanggal_lulus": "2024-03-06",
      "nilai_ujian": "A",
      "ipk": 3.75,
      "predikat_kelulusan": "Sangat Memuaskan",
      "no_alumni": "",
      "lama_studi_tahun": 3,
      "lama_studi_bulan": 7,
      "ipb": "",
      "judul_tugas_akhir": "PERILAKU TEKAN, RESISTIVITY, DAN EMISI KARBON MORTAR YANG MENGANDUNG AIR LAUT, SILICA FUME, DAN SEMEN CAMPURAN \n \n."
    },
    {
      "row_no": 23,
      "nim": "D011201073",
      "nama": "MUHAMMAD NURHIDAYAT",
      "tempat_lahir": "Tombolo",
      "tanggal_lahir": "2002-07-01",
      "agama": "Islam",
      "suku": "Bugis, Makassar",
      "bangsa": "Indonesia",
      "alamat": "Jalan Dr. Wahidin Sudirohusodo",
      "no_telp": "0895338532407",
      "tahun_masuk": 2020,
      "tanggal_lulus": "2024-03-06",
      "nilai_ujian": "A",
      "ipk": 3.7,
      "predikat_kelulusan": "Sangat Memuaskan",
      "no_alumni": "",
      "lama_studi_tahun": 3,
      "lama_studi_bulan": 7,
      "ipb": "",
      "judul_tugas_akhir": "Perilaku Korosi Tulangan dalam Mortar yang Terbuat dari Campuran Air Laut dan Silica Fume \n \n."
    },
    {
      "row_no": 24,
      "nim": "D011201024",
      "nama": "RAHMI NUR HAKIM",
      "tempat_lahir": "Bolang",
      "tanggal_lahir": "2001-12-08",
      "agama": "Islam",
      "suku": "Duri",
      "bangsa": "Indonesia",
      "alamat": "Romang Lompoa, Bontomarannu, Gowa",
      "no_telp": "082293092714",
      "tahun_masuk": 2020,
      "tanggal_lulus": "2024-03-06",
      "nilai_ujian": "A",
      "ipk": 3.72,
      "predikat_kelulusan": "Sangat Memuaskan",
      "no_alumni": "",
      "lama_studi_tahun": 3,
      "lama_studi_bulan": 7,
      "ipb": "",
      "judul_tugas_akhir": "Hubungan Tegangan-Regangan dan Kuat Tekan Mortar dengan Campuran Air Laut dan Silica Fume sebagai Pengganti Semen \n \n."
    },
    {
      "row_no": 25,
      "nim": "D011191043",
      "nama": "MOHAMMAD FATHURAHMAN",
      "tempat_lahir": "Baubau",
      "tanggal_lahir": "2001-05-12",
      "agama": "Islam",
      "suku": "Buton",
      "bangsa": "Indonesia",
      "alamat": "Kos Dae', Kel. Mawang, Kec. Somba Opu, Gowa",
      "no_telp": "082334811216",
      "tahun_masuk": 2019,
      "tanggal_lulus": "2024-03-06",
      "nilai_ujian": "A",
      "ipk": 3.65,
      "predikat_kelulusan": "Sangat Memuaskan",
      "no_alumni": "",
      "lama_studi_tahun": 4,
      "lama_studi_bulan": 7,
      "ipb": "",
      "judul_tugas_akhir": "EVALUASI DISTRIBUSI AIR BERSIH SPAM KOTA BAUBAU \n \n."
    },
    {
      "row_no": 26,
      "nim": "D011201020",
      "nama": "AYU SASMITHA TAMRIN",
      "tempat_lahir": "To\\\\\\'cemba",
      "tanggal_lahir": "2001-09-30",
      "agama": "Islam",
      "suku": "Bugis",
      "bangsa": "Indonesia",
      "alamat": "Jl. Poros Malino, Bontomarannu, Gowa",
      "no_telp": "081527798155",
      "tahun_masuk": 2020,
      "tanggal_lulus": "2024-03-06",
      "nilai_ujian": "A",
      "ipk": 3.83,
      "predikat_kelulusan": "Sangat Memuaskan",
      "no_alumni": "",
      "lama_studi_tahun": 3,
      "lama_studi_bulan": 7,
      "ipb": "",
      "judul_tugas_akhir": "Hubungan Beban dan Waktu Beton Fly Ash di Bawah Beban Tekan \n \n."
    },
    {
      "row_no": 27,
      "nim": "D011191141",
      "nama": "DAVID KRISTOFANI PANDEIROT",
      "tempat_lahir": "Manado",
      "tanggal_lahir": "2002-12-31",
      "agama": "Kristen Protestan",
      "suku": "Minahasa",
      "bangsa": "Indonesia",
      "alamat": "Jl. Malino, Bontomanai, Kec. Bontomarannu",
      "no_telp": "082191306649",
      "tahun_masuk": 2019,
      "tanggal_lulus": "2024-03-08",
      "nilai_ujian": "A",
      "ipk": 3.52,
      "predikat_kelulusan": "Sangat Memuaskan",
      "no_alumni": "",
      "lama_studi_tahun": 4,
      "lama_studi_bulan": 7,
      "ipb": "",
      "judul_tugas_akhir": "Analisis Efektivitas Penggunaan Terminal Regional Malengkeri \n \n."
    },
    {
      "row_no": 28,
      "nim": "D011191126",
      "nama": "KHAERUL ASHWATULLAH",
      "tempat_lahir": "Pinrang",
      "tanggal_lahir": "2002-01-07",
      "agama": "Islam",
      "suku": "Bugis",
      "bangsa": "Indonesia",
      "alamat": "Pondok Alif, Jl. Kelapa, Kab. Gowa",
      "no_telp": "082357401360",
      "tahun_masuk": 2019,
      "tanggal_lulus": "2024-02-21",
      "nilai_ujian": "A",
      "ipk": 3.52,
      "predikat_kelulusan": "Sangat Memuaskan",
      "no_alumni": "",
      "lama_studi_tahun": 4,
      "lama_studi_bulan": 6,
      "ipb": "",
      "judul_tugas_akhir": "Pengaruh Implementasi SMKK terhadap Pencegahan Terjadinya Kecelakaan Kerja Pada Proyek Konstruksi. (Studi Kasus : Proyek Rehabilitasi Dan Modernisasi D.I Saddang Sub Unit Langnga Kab. Pinrang) \n \n."
    },
    {
      "row_no": 29,
      "nim": "",
      "nama": "",
      "tempat_lahir": "",
      "tanggal_lahir": null,
      "agama": "",
      "suku": "",
      "bangsa": "",
      "alamat": "",
      "no_telp": "",
      "tahun_masuk": null,
      "tanggal_lulus": null,
      "nilai_ujian": null,
      "ipk": 0,
      "predikat_kelulusan": null,
      "no_alumni": "",
      "lama_studi_tahun": 0,
      "lama_studi_bulan": 0,
      "ipb": "",
      "judul_tugas_akhir": ""
    },
    {
      "row_no": 30,
      "nim": "",
      "nama": "",
      "tempat_lahir": "",
      "tanggal_lahir": null,
      "agama": "",
      "suku": "",
      "bangsa": "",
      "alamat": "",
      "no_telp": "",
      "tahun_masuk": null,
      "tanggal_lulus": null,
      "nilai_ujian": null,
      "ipk": 0,
      "predikat_kelulusan": null,
      "no_alumni": "",
      "lama_studi_tahun": 0,
      "lama_studi_bulan": 0,
      "ipb": "",
      "judul_tugas_akhir": ""
    },
    {
      "row_no": 31,
      "nim": "(**) Tidak ikut diwisuda di Baruga",
      "nama": "",
      "tempat_lahir": "",
      "tanggal_lahir": null,
      "agama": "",
      "suku": "",
      "bangsa": "",
      "alamat": "",
      "no_telp": "",
      "tahun_masuk": null,
      "tanggal_lulus": null,
      "nilai_ujian": null,
      "ipk": 0,
      "predikat_kelulusan": null,
      "no_alumni": "",
      "lama_studi_tahun": 0,
      "lama_studi_bulan": 0,
      "ipb": "",
      "judul_tugas_akhir": ""
    },
    {
      "row_no": 32,
      "nim": "(TBF) Wisudawan Terbaik Tingkat Fakultas",
      "nama": "",
      "tempat_lahir": "",
      "tanggal_lahir": null,
      "agama": "",
      "suku": "",
      "bangsa": "",
      "alamat": "",
      "no_telp": "",
      "tahun_masuk": null,
      "tanggal_lulus": null,
      "nilai_ujian": null,
      "ipk": 0,
      "predikat_kelulusan": null,
      "no_alumni": "",
      "lama_studi_tahun": 0,
      "lama_studi_bulan": 0,
      "ipb": "",
      "judul_tugas_akhir": ""
    }
  ]
}