{
    "web":{
        "client_id":"381776349887-pp5h6mfchiq8tkl5lbrpg42e13uanuc9.apps.googleusercontent.com",
        "project_id":"vivid-canyon-475813-t8",
        "auth_uri":"https://accounts.google.com/o/oauth2/auth",
        "token_uri":"https://oauth2.googleapis.com/token",
        "auth_provider_x509_cert_url":"https://www.googleapis.com/oauth2/v1/certs",
        "client_secret":"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",
        "redirect_uris":[
            "http://localhost:3000/api/google-o2auth/callback"
        ]
    }
}